episode,episode_reward,step
10.0,32.23644377799755,10000
20.0,63.8026272581172,20000
